{
    "utmsp_name": "OpenUTM: Flight Blender",
    "utmsp_logo_url": "https://flightblender.com/images/blender-logo.jpg",
    "utmsp_support_url": "https://discord.gg/dnRxpZdd9a",
    "utmsp_documentation_url": "https://flightblender.com/",
    "base_url":"https://testflight.flightblender.com/utm_adapter/",
    "available_scopes": {
        "read": "blender.read",
        "write": "blender.write"
    },
    "utmsp_oauth2_data": {
        "token_url": "https://id.openskies.sh/oauth/token"
    },
    "available_services": [
        {
            "flight_declaration": {
                "capabilities":["FlightAuthorisationValidation","BasicStrategicConflictDetection", "HighPriorityFlights"]
            }
        },
        {
            "network_remote_id": {
                "capabilities":["ASTMRID2019","ASTMRID2022"]
            }
        }
    ]
}
